{
  "header": {
    "returnedHits": 6,
    "totalHits": 151839,
    "skippedHits": 0,
    "previousSearchBefore": null,
    "nextSearchAfter": "WzE2Njc1NzU1NjAwMDBd",
    "offset": null
  },
  "results": [
    {
      "&hash": "f29403974dbdc9ce054b879d52610359a9f3d2d2531df63df8233a2ea879c78",
      "&id": "SE|20211124|179|9:1:IND",
      "&key": "Order:SE|2022104|179|9:1:NEWO:16679098951",
      "&model": "Order",
      "executionDetails": {
        "buySellIndicator": "BUYI",
        "orderStatus": "OLDO",
        "orderType": "Market"
      },
      "statsDetails": {
        "avgVsArrivalPrice": 0.0,
        "avgArrivalPrice": 0.0,
        "avgVsMktPrice": 0.0,
        "avgMktPrice": 0.0,
        "avgVsBidAskSpread": 0.0,
        "avgBidAskSpread": 0.0,
        "avgVsClosePrice": 0.0,
        "avgClosePrice": 0.0,
        "avgVsInternalTwap": 0.0,
        "avgInternalTwap": 0.0,
        "avgVsInternalVwap": 0.0,
        "avgInternalVwap": 0.0,
        "avgVsMidPrice": 0.0,
        "avgMidPrice": 0.0,
        "avgVsMovingVwap": 0.0,
        "avgMovingVwap": 0.0,
        "avgVsTouchPrice": 0.0,
        "avgTouchPrice": 0.0,
        "avgVsOpenPrice": 0.0,
        "avgOpenPrice": 0.0,
        "avgVsVwap": 0.0,
        "avgVwap": 0.0,
        "avgPrice": 91.369091993762,
        "tradedQuantity": 195875.0,
        "amends": 0,
        "fills": 1,
        "lifeCycle": 1,
        "lastFillTime": 1667575741000
      },
      "bestExecutionData": {
        "orderVolume": {
          "AUD": 277578.615961,
          "BGN": 3556642.91433263,
          "BRL": 900357.36117567,
          "CAD": 220990.159998715,
          "CHF": 1780604.819718923,
          "CNY": 128523532.2000561,
          "CZK": 442745747.64998025,
          "DKK": 134913994.7574597,
          "EUR": 18128971.73453536,
          "GBP": 1585886.892115705,
          "HKD": 1404840.6463022,
          "HRK": 137240.69555715,
          "HUF": 727247010.473736,
          "IDR": 2850585574.541,
          "ILS": 6569239.379848324,
          "INR": 14609289.7633855,
          "JPY": 232145405.834929,
          "KRW": 23863790.45031,
          "MXN": 3483937.43596077,
          "MYR": 8494116.30435622,
          "NOK": 18494956.71731773,
          "NZD": 300472.698151335,
          "PHP": 10454057.7540603,
          "PLN": 888910.13721369,
          "RON": 88681.49148509,
          "SEK": 1968233.3897042,
          "SGD": 212954.633551206,
          "THB": 69067830.7579302,
          "TRY": 33292080.815292,
          "USD": 1786920.89427813,
          "ZAR": 32264877.5857278
        }
      },
      "transactionDetails": {
        "buySellIndicator": "BUYI",
        "priceCurrency": "USD",
        "priceNotation": "MONE",
        "quantityCurrency": "USD",
        "quantityNotation": "UNIT",
        "tradingCapacity": "AOTC",
        "ultimateVenue": "XNGS",
        "venue": "XNGS"
      },
      "timestamps": {
        "orderReceived": "2022-11-04T15:29:00Z",
        "orderStatusUpdated": "2022-11-04T15:29:00Z",
        "orderSubmitted": "2022-11-04T15:29:00Z"
      }
    },
    {
      "&hash": "f29403974dbdcce054b879d572610359a9f3d2d2531df63df8233a2ea879c78",
      "&id": "SE|20200216|145|9:1:USA",
      "&key": "Order:SE|202104|179|9:1:NEWO:1679019951",
      "&model": "Order",
      "executionDetails": {
        "buySellIndicator": "BUYI",
        "orderStatus": "NEWO",
        "orderType": "Market"
      },
      "statsDetails": {
        "avgVsArrivalPrice": 0.0,
        "avgArrivalPrice": 0.0,
        "avgVsMktPrice": 0.0,
        "avgMktPrice": 0.0,
        "avgVsBidAskSpread": 0.0,
        "avgBidAskSpread": 0.0,
        "avgVsClosePrice": 0.0,
        "avgClosePrice": 0.0,
        "avgVsInternalTwap": 0.0,
        "avgInternalTwap": 0.0,
        "avgVsInternalVwap": 0.0,
        "avgInternalVwap": 0.0,
        "avgVsMidPrice": 0.0,
        "avgMidPrice": 0.0,
        "avgVsMovingVwap": 0.0,
        "avgMovingVwap": 0.0,
        "avgVsTouchPrice": 0.0,
        "avgTouchPrice": 0.0,
        "avgVsOpenPrice": 0.0,
        "avgOpenPrice": 0.0,
        "avgVsVwap": 0.0,
        "avgVwap": 0.0,
        "avgPrice": 91.369091993762,
        "tradedQuantity": 195875.0,
        "amends": 0,
        "fills": 1,
        "lifeCycle": 1,
        "lastFillTime": 1667575741000
      },
      "bestExecutionData": {
        "orderVolume": {
          "AUD": 27757268.6195591,
          "BGN": 3545662.91433263,
          "BRL": 9006857.36117567,
          "CAD": 2420390.159998715,
          "CHF": 1788004.819718923,
          "CNY": 12823532.2000561,
          "CZK": 44275747.64998025,
          "DKK": 13491994.73574597,
          "EUR": 1828971.732453536,
          "GBP": 1558861.892115705,
          "HKD": 14086840.6463022,
          "HRK": 13607240.69555715,
          "HUF": 727247010.473736,
          "IDR": 28850585574.541,
          "ILS": 6356239.379848324,
          "INR": 16889289.7633855,
          "JPY": 632145405.834929,
          "KRW": 2338863790.45031,
          "MXN": 49183937.43596077,
          "MYR": 4974116.30435622,
          "NOK": 184949956.71731773,
          "NZD": 400472.698151335,
          "PHP": 105534057.7540603,
          "PLN": 8488910.13721369,
          "RON": 8837981.49148509,
          "SEK": 19676233.3897042,
          "SGD": 2582954.633551206,
          "THB": 66907830.7579302,
          "TRY": 33292080.815292,
          "USD": 1789620.89427813,
          "ZAR": 32264877.5857278
        }
      },
      "transactionDetails": {
        "buySellIndicator": "BUYI",
        "priceCurrency": "USD",
        "priceNotation": "MONE",
        "quantityCurrency": "USD",
        "quantityNotation": "UNIT",
        "tradingCapacity": "AOTC",
        "ultimateVenue": "XNGS",
        "venue": "XNGS"
      },
      "timestamps": {
        "orderReceived": "2022-11-04T15:29:00Z",
        "orderStatusUpdated": "2022-11-04T15:29:00Z",
        "orderSubmitted": "2022-11-04T15:29:00Z"
      }
    },
    {
      "&hash": "f29403974dbdc9ce05479d572610359a9f3d2d2531df63df8233a2ea879c78",
      "&id": "SE|20221024|352|9:1:CAN",
      "&key": "Order:SE|202104|179|9:1:NEWO:1669086951",
      "&model": "Order",
      "executionDetails": {
        "buySellIndicator": "SELL",
        "orderStatus": "OLDO",
        "orderType": "Market"
      },
      "statsDetails": {
        "avgVsArrivalPrice": 0.0,
        "avgArrivalPrice": 0.0,
        "avgVsMktPrice": 0.0,
        "avgMktPrice": 0.0,
        "avgVsBidAskSpread": 0.0,
        "avgBidAskSpread": 0.0,
        "avgVsClosePrice": 0.0,
        "avgClosePrice": 0.0,
        "avgVsInternalTwap": 0.0,
        "avgInternalTwap": 0.0,
        "avgVsInternalVwap": 0.0,
        "avgInternalVwap": 0.0,
        "avgVsMidPrice": 0.0,
        "avgMidPrice": 0.0,
        "avgVsMovingVwap": 0.0,
        "avgMovingVwap": 0.0,
        "avgVsTouchPrice": 0.0,
        "avgTouchPrice": 0.0,
        "avgVsOpenPrice": 0.0,
        "avgOpenPrice": 0.0,
        "avgVsVwap": 0.0,
        "avgVwap": 0.0,
        "avgPrice": 91.369091993762,
        "tradedQuantity": 195875.0,
        "amends": 0,
        "fills": 1,
        "lifeCycle": 1,
        "lastFillTime": 1667575741000
      },
      "bestExecutionData": {
        "orderVolume": {
          "AUD": 27757268.61955961,
          "BGN": 3545662.91433263,
          "BRL": 90068357.3611567,
          "CAD": 2420990.159998715,
          "CHF": 1788004.819718923,
          "CNY": 128523532.2000561,
          "CZK": 44275747.64998025,
          "DKK": 1491394.73574597,
          "EUR": 18128971.732453536,
          "GBP": 5858861.892115705,
          "HKD": 10486840.6463022,
          "HRK": 136607240.69555715,
          "HUF": 772437010.473736,
          "IDR": 28850585574.541,
          "ILS": 669239.379848324,
          "INR": 148809289.7633855,
          "JPY": 232145405.834929,
          "KRW": 2338863790.45031,
          "MXN": 49183937.43596077,
          "MYR": 8974116.30435622,
          "NOK": 14949956.71731773,
          "NZD": 3000472.698151335,
          "PHP": 105534057.7540603,
          "PLN": 8488910.13721369,
          "RON": 8867981.49148509,
          "SEK": 19668233.3897042,
          "SGD": 2582954.633551206,
          "THB": 66967830.7579302,
          "TRY": 333292080.815292,
          "USD": 1786920.89427813,
          "ZAR": 3264877.5857278
        }
      },
      "transactionDetails": {
        "buySellIndicator": "BUYI",
        "priceCurrency": "USD",
        "priceNotation": "MONE",
        "quantityCurrency": "USD",
        "quantityNotation": "UNIT",
        "tradingCapacity": "AOTC",
        "ultimateVenue": "XNGS",
        "venue": "XNGS"
      },
      "timestamps": {
        "orderReceived": "2022-11-04T15:29:00Z",
        "orderStatusUpdated": "2022-11-04T15:29:00Z",
        "orderSubmitted": "2022-11-04T15:29:00Z"
      }
    },
    {
      "&hash": "f29403974dbdc9ce054b879d5726159a9f3d2d2531df63df8233a2ea879c78",
      "&id": "SE|20180514|445|9:1:SPN",
      "&key": "Order:SE|202214|179|9:1:NEWO:1667986951",
      "&model": "Order",
      "executionDetails": {
        "buySellIndicator": "BUYI",
        "orderStatus": "NEWO",
        "orderType": "Market"
      },
      "statsDetails": {
        "avgVsArrivalPrice": 0.0,
        "avgArrivalPrice": 0.0,
        "avgVsMktPrice": 0.0,
        "avgMktPrice": 0.0,
        "avgVsBidAskSpread": 0.0,
        "avgBidAskSpread": 0.0,
        "avgVsClosePrice": 0.0,
        "avgClosePrice": 0.0,
        "avgVsInternalTwap": 0.0,
        "avgInternalTwap": 0.0,
        "avgVsInternalVwap": 0.0,
        "avgInternalVwap": 0.0,
        "avgVsMidPrice": 0.0,
        "avgMidPrice": 0.0,
        "avgVsMovingVwap": 0.0,
        "avgMovingVwap": 0.0,
        "avgVsTouchPrice": 0.0,
        "avgTouchPrice": 0.0,
        "avgVsOpenPrice": 0.0,
        "avgOpenPrice": 0.0,
        "avgVsVwap": 0.0,
        "avgVwap": 0.0,
        "avgPrice": 91.369091993762,
        "tradedQuantity": 195875.0,
        "amends": 0,
        "fills": 1,
        "lifeCycle": 1,
        "lastFillTime": 1667575741000
      },
      "bestExecutionData": {
        "orderVolume": {
          "AUD": 257268.61955961,
          "BGN": 35442.91433263,
          "BRL": 90357.36117567,
          "CAD": 24990.159998715,
          "CHF": 170604.819718923,
          "CNY": 1223532.2000561,
          "CZK": 442745747.64998025,
          "DKK": 1313994.73574597,
          "EUR": 188971.732453536,
          "GBP": 158861.892115705,
          "HKD": 140486840.6463022,
          "HRK": 1367240.69555715,
          "HUF": 7272437010.473736,
          "IDR": 2850585574.541,
          "ILS": 635239.379848324,
          "INR": 14688289.7633855,
          "JPY": 261455.834929,
          "KRW": 253863790.45031,
          "MXN": 343937.43596077,
          "MYR": 84116.30435622,
          "NOK": 189956.71731773,
          "NZD": 30472.698151335,
          "PHP": 10534057.7540603,
          "PLN": 888910.13721369,
          "RON": 87981.49148509,
          "SEK": 6768233.3897042,
          "SGD": 5182954.633551206,
          "THB": 9067830.7579302,
          "TRY": 3292080.815292,
          "USD": 896920.89427813,
          "ZAR": 2664877.5857278
        }
      },
      "transactionDetails": {
        "buySellIndicator": "BUYI",
        "priceCurrency": "USD",
        "priceNotation": "MONE",
        "quantityCurrency": "USD",
        "quantityNotation": "UNIT",
        "tradingCapacity": "AOTC",
        "ultimateVenue": "XNGS",
        "venue": "XNGS"
      },
      "timestamps": {
        "orderReceived": "2022-11-04T15:29:00Z",
        "orderStatusUpdated": "2022-11-04T15:29:00Z",
        "orderSubmitted": "2022-11-04T15:29:00Z"
      }
    },
    {
      "&hash": "f29403974dbdc9ce054b879d572610359a9f3d2d2531df63df8233a2ea879c78",
      "&id": "SE|20230414|121|9:1:ARB",
      "&key": "Order:SE|20221104|179|9:1:NEWO:166901986951",
      "&model": "Order",
      "executionDetails": {
        "buySellIndicator": "BUYI",
        "orderStatus": "OLDO",
        "orderType": "Market"
      },
      "statsDetails": {
        "avgVsArrivalPrice": 0.0,
        "avgArrivalPrice": 0.0,
        "avgVsMktPrice": 0.0,
        "avgMktPrice": 0.0,
        "avgVsBidAskSpread": 0.0,
        "avgBidAskSpread": 0.0,
        "avgVsClosePrice": 0.0,
        "avgClosePrice": 0.0,
        "avgVsInternalTwap": 0.0,
        "avgInternalTwap": 0.0,
        "avgVsInternalVwap": 0.0,
        "avgInternalVwap": 0.0,
        "avgVsMidPrice": 0.0,
        "avgMidPrice": 0.0,
        "avgVsMovingVwap": 0.0,
        "avgMovingVwap": 0.0,
        "avgVsTouchPrice": 0.0,
        "avgTouchPrice": 0.0,
        "avgVsOpenPrice": 0.0,
        "avgOpenPrice": 0.0,
        "avgVsVwap": 0.0,
        "avgVwap": 0.0,
        "avgPrice": 91.369091993762,
        "tradedQuantity": 195875.0,
        "amends": 0,
        "fills": 1,
        "lifeCycle": 1,
        "lastFillTime": 1667575741000
      },
      "bestExecutionData": {
        "orderVolume": {
          "AUD": 27757.61955961,
          "BGN": 35456.91433263,
          "BRL": 90067.36117567,
          "CAD": 24290.159998715,
          "CHF": 17604.819718923,
          "CNY": 123532.2000561,
          "CZK": 445747.64998025,
          "DKK": 113994.73574597,
          "EUR": 18971.732453536,
          "GBP": 18861.892115705,
          "HKD": 486840.6463022,
          "HRK": 6607240.69555715,
          "HUF": 2437010.473736,
          "IDR": 850585574.541,
          "ILS": 9239.379848324,
          "INR": 809289.7633855,
          "JPY": 3145405.834929,
          "KRW": 2338863790.45031,
          "MXN": 49183937.43596077,
          "MYR": 974116.30435622,
          "NOK": 149956.71731773,
          "NZD": 30472.698151335,
          "PHP": 1534057.7540603,
          "PLN": 8910.13721369,
          "RON": 37981.49148509,
          "SEK": 168233.3897042,
          "SGD": 282954.633551206,
          "THB": 9067830.7579302,
          "TRY": 292080.815292,
          "USD": 96920.89427813,
          "ZAR": 364877.5857278
        }
      },
      "transactionDetails": {
        "buySellIndicator": "BUYI",
        "priceCurrency": "USD",
        "priceNotation": "MONE",
        "quantityCurrency": "USD",
        "quantityNotation": "UNIT",
        "tradingCapacity": "AOTC",
        "ultimateVenue": "XNGS",
        "venue": "XNGS"
      },
      "timestamps": {
        "orderReceived": "2022-11-04T15:29:00Z",
        "orderStatusUpdated": "2022-11-04T15:29:00Z",
        "orderSubmitted": "2022-11-04T15:29:00Z"
      }
    },
    {
      "&hash": "f29403974dbdc9ce054b879d572610359a9f3d2d2531df63df8233a2ea879c78",
      "&id": "SE|20121110|159|9:1:CRO",
      "&key": "Order:SE|20221104|179|9:1:NEWO:16679019951",
      "&model": "Order",
      "executionDetails": {
        "buySellIndicator": "SELL",
        "orderStatus": "NEWO",
        "orderType": "Market"
      },
      "statsDetails": {
        "avgVsArrivalPrice": 0.0,
        "avgArrivalPrice": 0.0,
        "avgVsMktPrice": 0.0,
        "avgMktPrice": 0.0,
        "avgVsBidAskSpread": 0.0,
        "avgBidAskSpread": 0.0,
        "avgVsClosePrice": 0.0,
        "avgClosePrice": 0.0,
        "avgVsInternalTwap": 0.0,
        "avgInternalTwap": 0.0,
        "avgVsInternalVwap": 0.0,
        "avgInternalVwap": 0.0,
        "avgVsMidPrice": 0.0,
        "avgMidPrice": 0.0,
        "avgVsMovingVwap": 0.0,
        "avgMovingVwap": 0.0,
        "avgVsTouchPrice": 0.0,
        "avgTouchPrice": 0.0,
        "avgVsOpenPrice": 0.0,
        "avgOpenPrice": 0.0,
        "avgVsVwap": 0.0,
        "avgVwap": 0.0,
        "avgPrice": 91.369091993762,
        "tradedQuantity": 195875.0,
        "amends": 0,
        "fills": 1,
        "lifeCycle": 1,
        "lastFillTime": 1667575741000
      },
      "bestExecutionData": {
        "orderVolume": {
          "AUD": 27757268.61955961,
          "BGN": 35456642.91433263,
          "BRL": 90068357.36117,
          "CAD": 24203990.158715,
          "CHF": 17880604.8118923,
          "CNY": 128523532.2061,
          "CZK": 442745747.648025,
          "DKK": 134913994.73597,
          "EUR": 18128971.733536,
          "GBP": 15858861.8115705,
          "HKD": 140486840.63022,
          "HRK": 136607240.655715,
          "HUF": 7272437010.736,
          "IDR": 280850585574.51,
          "ILS": 63569239.378324,
          "INR": 1468809289.3855,
          "JPY": 2632145405.929,
          "KRW": 25338863790.31,
          "MXN": 349183937.46077,
          "MYR": 84974116.30622,
          "NOK": 184949956.731773,
          "NZD": 30400472.651335,
          "PHP": 1045534057.0603,
          "PLN": 84888910.13369,
          "RON": 88637981.49509,
          "SEK": 196768233.38042,
          "SGD": 25182954.633206,
          "THB": 669067830.9302,
          "TRY": 333292080.292,
          "USD": 17896920.87813,
          "ZAR": 322664877.5278
        }
      },
      "transactionDetails": {
        "buySellIndicator": "BUYI",
        "priceCurrency": "USD",
        "priceNotation": "MONE",
        "quantityCurrency": "USD",
        "quantityNotation": "UNIT",
        "tradingCapacity": "AOTC",
        "ultimateVenue": "XNGS",
        "venue": "XNGS"
      },
      "timestamps": {
        "orderReceived": "2022-11-04T15:29:00Z",
        "orderStatusUpdated": "2022-11-04T15:29:00Z",
        "orderSubmitted": "2022-11-04T15:29:00Z"
      }
    },
    {
      "&hash": "f29403974dbdc9ce054bd572610359a9f3d2d2531df63df8233a2ea879c78",
      "&id": "SE|20210911|179|9:1:IND",
      "&key": "Order:SE|2022110|179|9:1:NEWO:166798951",
      "&model": "Order",
      "executionDetails": {
        "buySellIndicator": "BUYI",
        "orderStatus": "OLDO",
        "orderType": "Market"
      },
      "statsDetails": {
        "avgVsArrivalPrice": 0.0,
        "avgArrivalPrice": 0.0,
        "avgVsMktPrice": 0.0,
        "avgMktPrice": 0.0,
        "avgVsBidAskSpread": 0.0,
        "avgBidAskSpread": 0.0,
        "avgVsClosePrice": 0.0,
        "avgClosePrice": 0.0,
        "avgVsInternalTwap": 0.0,
        "avgInternalTwap": 0.0,
        "avgVsInternalVwap": 0.0,
        "avgInternalVwap": 0.0,
        "avgVsMidPrice": 0.0,
        "avgMidPrice": 0.0,
        "avgVsMovingVwap": 0.0,
        "avgMovingVwap": 0.0,
        "avgVsTouchPrice": 0.0,
        "avgTouchPrice": 0.0,
        "avgVsOpenPrice": 0.0,
        "avgOpenPrice": 0.0,
        "avgVsVwap": 0.0,
        "avgVwap": 0.0,
        "avgPrice": 91.369091993762,
        "tradedQuantity": 195875.0,
        "amends": 0,
        "fills": 1,
        "lifeCycle": 1,
        "lastFillTime": 1667575741000
      },
      "bestExecutionData": {
        "orderVolume": {
          "AUD": 277578.615961,
          "BGN": 3556642.91433263,
          "BRL": 900357.36117567,
          "CAD": 220990.159998715,
          "CHF": 1780604.819718923,
          "CNY": 128523532.2000561,
          "CZK": 442745747.64998025,
          "DKK": 134913994.7574597,
          "EUR": 18128971.73453536,
          "GBP": 1585886.892115705,
          "HKD": 1404840.6463022,
          "HRK": 137240.69555715,
          "HUF": 727247010.473736,
          "IDR": 2850585574.541,
          "ILS": 6569239.379848324,
          "INR": 14609289.7633855,
          "JPY": 232145405.834929,
          "KRW": 23863790.45031,
          "MXN": 3483937.43596077,
          "MYR": 8494116.30435622,
          "NOK": 18494956.71731773,
          "NZD": 300472.698151335,
          "PHP": 10454057.7540603,
          "PLN": 888910.13721369,
          "RON": 88681.49148509,
          "SEK": 1968233.3897042,
          "SGD": 212954.633551206,
          "THB": 69067830.7579302,
          "TRY": 33292080.815292,
          "USD": 1786920.89427813,
          "ZAR": 32264877.5857278
        }
      },
      "transactionDetails": {
        "buySellIndicator": "BUYI",
        "priceCurrency": "USD",
        "priceNotation": "MONE",
        "quantityCurrency": "USD",
        "quantityNotation": "UNIT",
        "tradingCapacity": "AOTC",
        "ultimateVenue": "XNGS",
        "venue": "XNGS"
      },
      "timestamps": {
        "orderReceived": "2022-11-04T15:29:00Z",
        "orderStatusUpdated": "2022-11-04T15:29:00Z",
        "orderSubmitted": "2022-11-04T15:29:00Z"
      }
    },
    {
      "&hash": "f29403974dbdc9ce054b879d572610359a9f3d2d2531df63df8233a2ea879c78",
      "&id": "SE|20201105|145|9:1:USA",
      "&key": "Order:SE|20221104|179|9:1:NEWO:1661986951",
      "&model": "Order",
      "executionDetails": {
        "buySellIndicator": "BUYI",
        "orderStatus": "NEWO",
        "orderType": "Market"
      },
      "statsDetails": {
        "avgVsArrivalPrice": 0.0,
        "avgArrivalPrice": 0.0,
        "avgVsMktPrice": 0.0,
        "avgMktPrice": 0.0,
        "avgVsBidAskSpread": 0.0,
        "avgBidAskSpread": 0.0,
        "avgVsClosePrice": 0.0,
        "avgClosePrice": 0.0,
        "avgVsInternalTwap": 0.0,
        "avgInternalTwap": 0.0,
        "avgVsInternalVwap": 0.0,
        "avgInternalVwap": 0.0,
        "avgVsMidPrice": 0.0,
        "avgMidPrice": 0.0,
        "avgVsMovingVwap": 0.0,
        "avgMovingVwap": 0.0,
        "avgVsTouchPrice": 0.0,
        "avgTouchPrice": 0.0,
        "avgVsOpenPrice": 0.0,
        "avgOpenPrice": 0.0,
        "avgVsVwap": 0.0,
        "avgVwap": 0.0,
        "avgPrice": 91.369091993762,
        "tradedQuantity": 195875.0,
        "amends": 0,
        "fills": 1,
        "lifeCycle": 1,
        "lastFillTime": 1667575741000
      },
      "bestExecutionData": {
        "orderVolume": {
          "AUD": 27757268.6195591,
          "BGN": 3545662.91433263,
          "BRL": 9006857.36117567,
          "CAD": 2420390.159998715,
          "CHF": 1788004.819718923,
          "CNY": 12823532.2000561,
          "CZK": 44275747.64998025,
          "DKK": 13491994.73574597,
          "EUR": 1828971.732453536,
          "GBP": 1558861.892115705,
          "HKD": 14086840.6463022,
          "HRK": 13607240.69555715,
          "HUF": 727247010.473736,
          "IDR": 28850585574.541,
          "ILS": 6356239.379848324,
          "INR": 16889289.7633855,
          "JPY": 632145405.834929,
          "KRW": 2338863790.45031,
          "MXN": 49183937.43596077,
          "MYR": 4974116.30435622,
          "NOK": 184949956.71731773,
          "NZD": 400472.698151335,
          "PHP": 105534057.7540603,
          "PLN": 8488910.13721369,
          "RON": 8837981.49148509,
          "SEK": 19676233.3897042,
          "SGD": 2582954.633551206,
          "THB": 66907830.7579302,
          "TRY": 33292080.815292,
          "USD": 1789620.89427813,
          "ZAR": 32264877.5857278
        }
      },
      "transactionDetails": {
        "buySellIndicator": "BUYI",
        "priceCurrency": "USD",
        "priceNotation": "MONE",
        "quantityCurrency": "USD",
        "quantityNotation": "UNIT",
        "tradingCapacity": "AOTC",
        "ultimateVenue": "XNGS",
        "venue": "XNGS"
      },
      "timestamps": {
        "orderReceived": "2022-11-04T15:29:00Z",
        "orderStatusUpdated": "2022-11-04T15:29:00Z",
        "orderSubmitted": "2022-11-04T15:29:00Z"
      }
    },
    {
      "&hash": "f29403974dbdc9ce054b879d572610359a9f3d2d2531df63df8233a2ea879c78",
      "&id": "SE|20220504|352|9:1:CAN",
      "&key": "Order:SE|20221104|179|9:1:NEWO:16986951",
      "&model": "Order",
      "executionDetails": {
        "buySellIndicator": "SELL",
        "orderStatus": "OLDO",
        "orderType": "Market"
      },
      "statsDetails": {
        "avgVsArrivalPrice": 0.0,
        "avgArrivalPrice": 0.0,
        "avgVsMktPrice": 0.0,
        "avgMktPrice": 0.0,
        "avgVsBidAskSpread": 0.0,
        "avgBidAskSpread": 0.0,
        "avgVsClosePrice": 0.0,
        "avgClosePrice": 0.0,
        "avgVsInternalTwap": 0.0,
        "avgInternalTwap": 0.0,
        "avgVsInternalVwap": 0.0,
        "avgInternalVwap": 0.0,
        "avgVsMidPrice": 0.0,
        "avgMidPrice": 0.0,
        "avgVsMovingVwap": 0.0,
        "avgMovingVwap": 0.0,
        "avgVsTouchPrice": 0.0,
        "avgTouchPrice": 0.0,
        "avgVsOpenPrice": 0.0,
        "avgOpenPrice": 0.0,
        "avgVsVwap": 0.0,
        "avgVwap": 0.0,
        "avgPrice": 91.369091993762,
        "tradedQuantity": 195875.0,
        "amends": 0,
        "fills": 1,
        "lifeCycle": 1,
        "lastFillTime": 1667575741000
      },
      "bestExecutionData": {
        "orderVolume": {
          "AUD": 27757268.61955961,
          "BGN": 3545662.91433263,
          "BRL": 90068357.3611567,
          "CAD": 2420990.159998715,
          "CHF": 1788004.819718923,
          "CNY": 128523532.2000561,
          "CZK": 44275747.64998025,
          "DKK": 1491394.73574597,
          "EUR": 18128971.732453536,
          "GBP": 5858861.892115705,
          "HKD": 10486840.6463022,
          "HRK": 136607240.69555715,
          "HUF": 772437010.473736,
          "IDR": 28850585574.541,
          "ILS": 669239.379848324,
          "INR": 148809289.7633855,
          "JPY": 232145405.834929,
          "KRW": 2338863790.45031,
          "MXN": 49183937.43596077,
          "MYR": 8974116.30435622,
          "NOK": 14949956.71731773,
          "NZD": 3000472.698151335,
          "PHP": 105534057.7540603,
          "PLN": 8488910.13721369,
          "RON": 8867981.49148509,
          "SEK": 19668233.3897042,
          "SGD": 2582954.633551206,
          "THB": 66967830.7579302,
          "TRY": 333292080.815292,
          "USD": 1786920.89427813,
          "ZAR": 3264877.5857278
        }
      },
      "transactionDetails": {
        "buySellIndicator": "BUYI",
        "priceCurrency": "USD",
        "priceNotation": "MONE",
        "quantityCurrency": "USD",
        "quantityNotation": "UNIT",
        "tradingCapacity": "AOTC",
        "ultimateVenue": "XNGS",
        "venue": "XNGS"
      },
      "timestamps": {
        "orderReceived": "2022-11-04T15:29:00Z",
        "orderStatusUpdated": "2022-11-04T15:29:00Z",
        "orderSubmitted": "2022-11-04T15:29:00Z"
      }
    },
    {
      "&hash": "f29403974dbdc9ce054b879d572610359a9f3d2d2531df63df8233a2ea879c78",
      "&id": "SE|20181128|445|9:1:SPN",
      "&key": "Order:SE|20221104|179|9:1:NEWO:1667901986951",
      "&model": "Order",
      "executionDetails": {
        "buySellIndicator": "BUYI",
        "orderStatus": "NEWO",
        "orderType": "Market"
      },
      "statsDetails": {
        "avgVsArrivalPrice": 0.0,
        "avgArrivalPrice": 0.0,
        "avgVsMktPrice": 0.0,
        "avgMktPrice": 0.0,
        "avgVsBidAskSpread": 0.0,
        "avgBidAskSpread": 0.0,
        "avgVsClosePrice": 0.0,
        "avgClosePrice": 0.0,
        "avgVsInternalTwap": 0.0,
        "avgInternalTwap": 0.0,
        "avgVsInternalVwap": 0.0,
        "avgInternalVwap": 0.0,
        "avgVsMidPrice": 0.0,
        "avgMidPrice": 0.0,
        "avgVsMovingVwap": 0.0,
        "avgMovingVwap": 0.0,
        "avgVsTouchPrice": 0.0,
        "avgTouchPrice": 0.0,
        "avgVsOpenPrice": 0.0,
        "avgOpenPrice": 0.0,
        "avgVsVwap": 0.0,
        "avgVwap": 0.0,
        "avgPrice": 91.369091993762,
        "tradedQuantity": 195875.0,
        "amends": 0,
        "fills": 1,
        "lifeCycle": 1,
        "lastFillTime": 1667575741000
      },
      "bestExecutionData": {
        "orderVolume": {
          "AUD": 257268.61955961,
          "BGN": 35442.91433263,
          "BRL": 90357.36117567,
          "CAD": 24990.159998715,
          "CHF": 170604.819718923,
          "CNY": 1223532.2000561,
          "CZK": 442745747.64998025,
          "DKK": 1313994.73574597,
          "EUR": 188971.732453536,
          "GBP": 158861.892115705,
          "HKD": 140486840.6463022,
          "HRK": 1367240.69555715,
          "HUF": 7272437010.473736,
          "IDR": 2850585574.541,
          "ILS": 635239.379848324,
          "INR": 14688289.7633855,
          "JPY": 261455.834929,
          "KRW": 253863790.45031,
          "MXN": 343937.43596077,
          "MYR": 84116.30435622,
          "NOK": 189956.71731773,
          "NZD": 30472.698151335,
          "PHP": 10534057.7540603,
          "PLN": 888910.13721369,
          "RON": 87981.49148509,
          "SEK": 6768233.3897042,
          "SGD": 5182954.633551206,
          "THB": 9067830.7579302,
          "TRY": 3292080.815292,
          "USD": 896920.89427813,
          "ZAR": 2664877.5857278
        }
      },
      "transactionDetails": {
        "buySellIndicator": "BUYI",
        "priceCurrency": "USD",
        "priceNotation": "MONE",
        "quantityCurrency": "USD",
        "quantityNotation": "UNIT",
        "tradingCapacity": "AOTC",
        "ultimateVenue": "XNGS",
        "venue": "XNGS"
      },
      "timestamps": {
        "orderReceived": "2022-11-04T15:29:00Z",
        "orderStatusUpdated": "2022-11-04T15:29:00Z",
        "orderSubmitted": "2022-11-04T15:29:00Z"
      }
    }
  ]
}
