{
  "results": [
    {
      "&id": "SE|20221104|179|9:1:NEWO",
      "timestamps": {
        "orderReceived": "2022-11-04T15:29:00Z",
        "orderStatusUpdated": "2022-11-04T15:29:00Z",
        "orderSubmitted": "2022-11-04T15:29:00Z"
      }
    },
    {
      "&id": "SE|20221104|179|9:1:NEWO",
      "timestamps": {
        "orderReceived": "2022-11-04T15:29:00Z",
        "orderStatusUpdated": "2022-11-04T15:29:00Z",
        "orderSubmitted": "2022-11-04T15:29:00Z"
      }
    },
    {
      "&id": "SE|20221104|179|9:1:NEWO",
      "timestamps": {
        "orderReceived": "2022-11-04T15:29:00Z",
        "orderStatusUpdated": "2022-11-04T15:29:00Z",
        "orderSubmitted": "2022-11-04T15:29:00Z"
      }
    },
    {
      "&id": "SE|20221104|179|9:1:NEWO",
      "timestamps": {
        "orderReceived": "2022-11-04T15:29:00Z",
        "orderStatusUpdated": "2022-11-04T15:29:00Z",
        "orderSubmitted": "2022-11-04T15:29:00Z"
      }
    },
    {
      "&id": "SE|20221104|179|9:1:NEWO",
      "timestamps": {
        "orderReceived": "2022-11-04T15:29:00Z",
        "orderStatusUpdated": "2022-11-04T15:29:00Z",
        "orderSubmitted": "2022-11-04T15:29:00Z"
      }
    },
    {
      "&id": "SE|202211454|179|9:1:NEWO",
      "timestamps": {
        "orderReceived": "2022-11-04T15:29:00Z",
        "orderStatusUpdated": "2022-11-04T15:29:00Z",
        "orderSubmitted": "2022-11-04T15:29:00Z"
      }
    }
  ]
}
